{
    "loss": 2.06404972076416,
    "accuracy": 0.8057553768157959
}